Domain,Competitor Relevance,Common Keywords,Organic Keywords,Organic Traffic,Organic Cost,Adwords Keywords
a1foundationcrackrepair.com,0.3,87,1665,2591,25435.00,0
newenglandfoundationcrackrepair.com,0.24,36,515,949,10946.00,0
clamdoor.com,0.22,32,407,903,1127.00,0
foundationcrackrepair.com,0.17,29,282,1536,21240.00,0
bulkheaddoors.com,0.15,19,107,24,93.00,0
forteenterprises.com,0.15,20,66,18,95.00,0
crackx.com,0.14,87,3353,1949,12875.00,0
lucigold.com,0.12,20,854,1078,1259.00,0
crackattack.com,0.12,28,667,1797,14813.00,0
cellardoors.com,0.11,30,1725,3552,5508.00,25
resconsolutions.com,0.1,31,2212,1015,4757.00,0
bilco.com,0.1,48,10840,21136,37091.00,0
gordoncelladoor.com,0.09,14,344,964,1049.00,0
bulkheaddoorsinc.com,0.09,10,156,670,2003.00,0
thecracksmith.com,0.08,10,131,73,1326.00,0
brumfieldconstructioninc.com,0.08,12,392,725,2215.00,0
airliftconcreteexperts.com,0.08,49,2719,1941,15097.00,0
foundationcrackrepairllc.com,0.08,27,1228,2255,2390.00,0
pearcemarine.com,0.08,17,1400,424,945.00,0
capecodbulkhead.com,0.08,8,132,15,46.00,0
truefixservices.com,0.07,9,215,175,623.00,0
cracktek.com,0.07,16,87,777,7271.00,0
newcitybuildersllc.com,0.07,4,77,88,264.00,0
foundationsealers.com,0.06,3,19,15,67.00,0
ericksonfoundations.com,0.06,35,3976,4599,44741.00,0
maytasebastian.com,0.05,6,123,20,27.00,0
metrocellardoor.com,0.05,8,615,213,729.00,0
residentialresq.com,0.05,4,656,181,1693.00,0
rueterfoundationrepair.com,0.05,6,333,79,1193.00,0
ctcellardoors.com,0.05,8,531,1390,4572.00,0
basementsupply.com,0.05,9,864,829,1882.00,6
egresssolutionsnj.com,0.05,10,964,284,745.00,0
streemfoundationrepair.com,0.05,9,159,8,1.00,0
affordablefoundationfix.com,0.04,24,2645,9792,183489.00,0
renco.ca,0.04,29,1604,6055,42565.00,0
gibsoncellardoor.com,0.04,5,128,22,48.00,0
qualitymasonryct.com,0.04,2,20,0,0.00,0
cleargressdoors.com,0.04,6,329,136,227.00,0
keystonefoundationrepair.com,0.04,10,538,671,10377.00,0
windowwellsupply.com,0.04,35,5536,17116,45521.00,7
dinoandroccos.com,0.04,5,121,11,20.00,0
appliedtechnologies.com,0.04,28,2732,5836,29429.00,0
nhcellardoors.com,0.04,4,220,189,619.00,0
baystatebulkhead.com,0.04,5,87,183,721.00,0
connecticutfoundations.com,0.04,2,36,30,106.00,0
cellardoorcompany.com,0.04,4,228,112,271.00,0
repairpricer.com,0.04,17,1101,676,4444.00,0
andersonbulkheaddoor.com,0.04,4,66,119,413.00,0
davenportfoundationrepair.com,0.03,8,1577,1874,15410.00,0
northeastrealtors.com,0.03,5,656,528,381.00,0
crumblingfoundations.org,0.03,3,257,187,385.00,0
helitechonline.com,0.03,25,4982,8589,98929.00,2
diamondbasementwaterproofing.com,0.03,14,1737,1232,566.00,0
thecrackteam.com,0.03,4,67,261,2751.00,0
detroitcrackteam.com,0.03,7,227,86,517.00,0
primefoundationrepair.com,0.03,11,4974,90,0.00,0
foundationsonthelevel.com,0.03,12,1660,1797,22877.00,0
buildwiththeh.com,0.03,4,676,1188,27871.00,0
weeks.com.au,0.03,7,830,772,614.00,1
connecticutbasementsystems.com,0.03,7,3196,9848,125543.00,0
countyhillct.com,0.03,2,146,11,30.00,0
nicebuilds.com.au,0.03,4,278,79,23.00,0
envirocarepestcontrol.net,0.03,17,3313,1826,6538.00,0
bellamasonry.com,0.03,5,248,121,184.00,0
bostonfoundations.com,0.03,3,523,113,1460.00,0
waterproofmag.com,0.03,23,3666,2833,14249.00,0
yeltonconstruction.com,0.03,7,711,2410,5732.00,0
basementcrackrepairplus.com,0.03,8,50,29,254.00,0
basementdoorstore.com,0.03,3,150,5,3.00,0
a1crackrepair.com,0.03,6,101,74,271.00,0
acmbasementwaterproofing.com,0.02,10,1479,616,1213.00,0
keystonemasonryandchimney.com,0.02,5,519,269,1466.00,3
twolfhomeimprovements.com,0.02,1,28,32,152.00,0
ramjack.com,0.02,62,15085,19991,245231.00,38
foundationrestorationboston.com,0.02,2,83,13,140.00,0
shorefriendly.org,0.02,2,65,12,0.00,0
sealtitebasement.com,0.02,8,1203,550,4299.00,0
radonseal.com,0.02,39,11882,16987,86663.00,42
progorki.com,0.02,2,59,1,3.00,0
foundationrepairsaz.com,0.02,8,1984,2426,26478.00,0
crackattack.net,0.02,3,49,19,291.00,0
seepageseal.com,0.02,2,298,190,4042.00,0
we-fix-cracks.com,0.02,4,111,148,628.00,0
thecracktech.com,0.02,5,196,576,7814.00,0
aconcreteanswer.com,0.02,2,69,68,392.00,0
thompsonremodeling.com,0.02,5,1278,1354,2249.00,0
thecrackwizard.com,0.02,3,79,133,1256.00,0
baseco.net,0.02,9,653,686,7911.00,0
americanfoundationrepair.com,0.02,7,632,410,2975.00,2
ecoscapefoundation.com,0.02,5,960,505,6459.00,0
theboatliftcompany.com,0.02,3,519,685,2250.00,0
tristatecellardoors.com,0.02,4,556,54,73.00,0
mccoycontractors.com,0.02,3,301,168,1873.00,0
drgconstructionus.com,0.02,3,496,246,95.00,0
premiumtechnical.com,0.02,7,1382,242,530.00,10
fitzgeraldrestorationinc.com,0.02,2,63,0,0.00,6
earthcontactproducts.com,0.02,18,2227,3443,24752.00,0
aspenfoundationrepairs.com,0.02,3,409,912,14189.00,0
bilco.mx,0.02,3,44,107,114.00,0
hitmansolutions.com,0.02,9,888,981,15207.00,0
